"Status","Start Time","Stop Time","Duration in ms","Parent Suite","Suite","Sub Suite","Test Class","Test Method","Name","Description"
"passed","Mon Oct 23 16:04:54 BDT 2023","Mon Oct 23 16:05:17 BDT 2023","22227","","Open OrangeHRM End to End","","","","Verify the PIM",""
"passed","Mon Oct 23 15:58:35 BDT 2023","Mon Oct 23 15:59:02 BDT 2023","26909","","Open OrangeHRM End to End","","","","Verify The Configuration",""
"passed","Mon Oct 23 16:01:06 BDT 2023","Mon Oct 23 16:01:12 BDT 2023","6615","","Open OrangeHRM End to End","","","","Verify that user Login with Invalid Password",""
"passed","Mon Oct 23 16:06:36 BDT 2023","Mon Oct 23 16:07:01 BDT 2023","24983","","Open OrangeHRM End to End","","","","Verify the language button and Add new language",""
"passed","Mon Oct 23 16:02:31 BDT 2023","Mon Oct 23 16:03:12 BDT 2023","41092","","Open OrangeHRM End to End","","","","Verify the organization edit info & save button",""
"passed","Mon Oct 23 16:02:09 BDT 2023","Mon Oct 23 16:02:30 BDT 2023","21444","","Open OrangeHRM End to End","","","","Verify The Organization Button & and Check Info",""
"passed","Mon Oct 23 15:57:03 BDT 2023","Mon Oct 23 15:57:31 BDT 2023","27698","","Open OrangeHRM End to End","","","","Verify admin & find the admin name in admin panel",""
"passed","Mon Oct 23 16:07:01 BDT 2023","Mon Oct 23 16:07:29 BDT 2023","27203","","Open OrangeHRM End to End","","","","Verify the Memberships button and Add new members",""
"passed","Mon Oct 23 16:05:44 BDT 2023","Mon Oct 23 16:06:12 BDT 2023","27668","","Open OrangeHRM End to End","","","","Verify the qualification button and skill add in list",""
"passed","Mon Oct 23 16:06:12 BDT 2023","Mon Oct 23 16:06:36 BDT 2023","24306","","Open OrangeHRM End to End","","","","Verify the Education button and add qualification in list",""
"passed","Mon Oct 23 15:57:55 BDT 2023","Mon Oct 23 15:58:14 BDT 2023","18651","","Open OrangeHRM End to End","","","","Verify The Job delete Confirmation",""
"passed","Mon Oct 23 16:01:32 BDT 2023","Mon Oct 23 16:01:56 BDT 2023","23644","","Open OrangeHRM End to End","","","","Verify the Nationalities button and added new nationalities",""
"passed","Mon Oct 23 16:00:54 BDT 2023","Mon Oct 23 16:01:06 BDT 2023","11260","","Open OrangeHRM End to End","","","","Verify that user Login with Invalid Username",""
"passed","Mon Oct 23 16:00:14 BDT 2023","Mon Oct 23 16:00:38 BDT 2023","23832","","Open OrangeHRM End to End","","","","Verify the Corporate branding button and then publish after edit",""
"passed","Mon Oct 23 15:59:22 BDT 2023","Mon Oct 23 15:59:46 BDT 2023","23234","","Open OrangeHRM End to End","","","","Verify the Module",""
"passed","Mon Oct 23 16:01:12 BDT 2023","Mon Oct 23 16:01:19 BDT 2023","6865","","Open OrangeHRM End to End","","","","Verify that user Login with valid Username and Password",""
"passed","Mon Oct 23 16:03:33 BDT 2023","Mon Oct 23 16:03:59 BDT 2023","26372","","Open OrangeHRM End to End","","","","Verify the Organization Structure Button and confirm add new structure",""
"passed","Mon Oct 23 15:57:31 BDT 2023","Mon Oct 23 15:57:55 BDT 2023","23851","","Open OrangeHRM End to End","","","","Verify job button & job tile button with add job",""
"passed","Mon Oct 23 16:03:12 BDT 2023","Mon Oct 23 16:03:32 BDT 2023","20650","","Open OrangeHRM End to End","","","","Verify the Location button &  Search location",""
"passed","Mon Oct 23 15:59:02 BDT 2023","Mon Oct 23 15:59:22 BDT 2023","20008","","Open OrangeHRM End to End","","","","Verify the Subscription",""
